speaker,age,sex,pretest,posttest,learning,rate_sps,f1_M,f1_SD,f1_CoV,f2_M,f2_SD,f2_CoV,vowel_MCV,vowel_sep_MD,vowel_n_tokens,within_variance,between_separation,mean_vowel_cluster_size
F3_32,3,F,62.970297029703,67.6767676767677,4.7064706470647,3.2,839.58286231184,144.651210922886,15.4231949125621,2399.45969775258,293.347557290962,13.0434631610044,0.0867111915157834,761.741641372466,26.04,0.0867111915157834,761.741641372466,727260.02223497
F4_33,4,F,66.5841584158416,68.3168316831683,1.7326732673267,2.85,875.498663271048,98.3095441916978,10.8791154606036,2668.4281694274,226.877297262478,9.49844698684011,0.0486916224636174,706.453034947053,17.1194029850746,0.0486916224636174,706.453034947053,359199.232365923
F4_34,4,F,66.1386138613861,86.969696969697,20.8310831083109,3.11,729.592522788483,107.051373574467,14.1978064471684,2314.5098953365,246.219914466806,11.4507632168096,0.0721038115164793,719.571384409329,19.9736842105263,0.0721038115164793,719.571384409329,420880.472748678
F4_37,4,F,69.9257425742574,78.960396039604,9.03465346534661,3.07,718.933177654953,136.089500138542,17.4115223687325,2292.0382346151,231.380082548765,10.5435858157788,0.0770841920082382,601.315788479207,19.921052631579,0.0770841920082382,601.315788479207,503357.285948998
F5_06,5,F,71.8371837183718,83.3883388338834,11.5511551155116,2.96,736.116930735102,90.3217450076569,12.1477030622681,2344.65977773822,203.918868407973,9.04522671720235,0.0632352025362584,598.646399948941,20.2727272727273,0.0632352025362584,598.646399948941,348122.4881033
F5_07,5,F,85.8085808580858,86.9086908690869,1.10011001100109,2.84,718.03753599584,112.398657594989,14.1223733440188,2245.77512290279,222.432911932872,10.5467456307613,0.0763359953010497,574.853907987078,20.2727272727273,0.0763359953010497,574.853907987078,426992.414772554
F5_08,5,F,81.958195819582,83.6083608360836,1.6501650165016,2.94,764.854217363891,116.676009360151,14.3871146311286,2353.13575857364,203.454585808407,8.96774863799009,0.066522286814333,566.55414078325,21.2,0.066522286814333,566.55414078325,476392.867215631
F5_09,5,F,75.3575357535754,80.0880088008801,4.7304730473047,2.71,685.941158355511,93.5404862708942,12.2068691264471,2321.34373314292,253.222292774929,11.4194636393171,0.0588328140321988,553.345845148684,18.9166666666667,0.0588328140321988,553.345845148684,333045.804363163
F5_15,5,F,71.2871287128713,74.8514851485149,3.5643564356436,3.57,805.952087609894,93.674221438917,10.9659350226628,2440.34140363549,265.233660664617,12.4127835729164,0.0680314525616749,759.685323939034,18.6944444444444,0.0680314525616749,759.685323939034,445735.206980936
F5_17,5,F,63.2425742574257,70.049504950495,6.80693069306931,3.24,697.540464669509,93.0438482818133,12.3763493598423,2378.55176592073,209.850639037298,9.33481445008394,0.0574112779144612,608.713013220514,18.9722222222222,0.0574112779144612,608.713013220514,305536.632534529
F5_25,5,F,64.0594059405941,81.980198019802,17.9207920792079,2.79,729.968299756081,122.448789482847,15.0888552435546,2353.90080115119,260.941911392901,11.7807008263121,0.0668625443732156,571.487716199186,17.2388059701493,0.0668625443732156,571.487716199186,546142.36011001
F5_31,5,F,76.5346534653465,84.950495049505,8.4158415841585,3.63,833.631585268146,83.2314786154631,10.26666144633,2371.54186758732,265.897166020631,12.0029831955932,0.06668716581487,683.607548484873,19.56,0.06668716581487,683.607548484873,351439.811096037
F5_44,5,F,67.003367003367,65.7502863688431,-1.2530806345239,2.4,773.846238638552,97.7560676101585,11.801168414151,2514.25700300837,209.277448933111,9.35692960385333,0.060793845962487,651.380968825224,16.6129032258065,0.060793845962487,651.380968825224,397409.204131081
F6_26,6,F,77.3267326732673,80.8080808080808,3.4813481348135,2.7,737.215849699862,128.419117041088,15.9997712649298,2401.79199038318,234.060654127525,10.9557212917544,0.0743596736708418,677.20093074417,18.6338028169014,0.0743596736708418,677.20093074417,460346.95422986
F6_28,6,F,72.2772277227723,80.3080308030803,8.030803080308,3.26,752.682398962025,95.2456912419163,12.0027802190632,2358.68418719978,249.74121152279,11.2794322280039,0.0727317137321223,629.760008249835,18.6944444444444,0.0727317137321223,629.760008249835,446327.748073924
F7_21,7,F,67.5645342312009,83.1683168316832,15.6037826004823,3.3,706.274106705609,104.390104067058,14.1589788399287,2392.60462659627,204.361766893058,9.30297137179951,0.0548414915736385,631.700873063078,17.5373134328358,0.0548414915736385,631.700873063078,308963.081032061
F7_36,7,F,80.0224466891134,88.6688668866887,8.64642019757531,3.29,699.403546311416,114.792466985108,15.5073371775577,2344.27330062058,195.464913656887,9.32443550005749,0.073347950408369,689.762369902068,19.027397260274,0.073347950408369,689.762369902068,404146.760320428
F7_39,7,F,83.3883388338834,88.8888888888889,5.50055005500551,3.46,810.348475100926,89.6825944068979,10.0238950495788,2375.97616787557,193.134560748909,8.3311714824812,0.0497747282825206,653.322597119733,19.921052631579,0.0497747282825206,653.322597119733,242515.8551845
F7_43,7,F,86.6336633663366,83.9175257731959,-2.7161375931407,3.61,722.828866632039,115.611190449972,15.3759171686872,2368.69850437861,186.201563548938,8.84716888158208,0.0636359692607486,623.616668098541,19.9333333333333,0.0636359692607486,623.616668098541,362799.358696888
F8_23,8,F,85.4455445544555,89.7224418093983,4.27689725494281,2.7,703.089026365099,94.7102476896681,13.2027199667075,2262.35492927447,203.963246199187,9.81749679802832,0.0681031035455743,575.738537520825,21.0253164556962,0.0681031035455743,575.738537520825,317464.592642863
F8_29,8,F,94.8484848484848,96.8316831683168,1.983198319832,3.44,828.125959444676,79.2778176775645,9.63929039026351,2293.61802172524,199.086659176329,9.38846140942612,0.0628776766750589,657.968978267529,19.2702702702703,0.0628776766750589,657.968978267529,291387.248897723
F8_30,8,F,88.2178217821782,91.4851485148515,3.2673267326733,3.47,777.658519965981,98.6327915378604,12.4474547178578,2279.18874519767,229.341616202099,10.1002243283075,0.0707838168312748,631.123106919584,19.921052631579,0.0707838168312748,631.123106919584,476126.149384724
F8_40,8,F,75,85.8910891089109,10.8910891089109,3.56,670.322266925994,104.985777362176,14.280247962261,2379.7756393895,214.172863849056,9.65274963317973,0.066997921404429,575.297155876045,19.5945945945946,0.066997921404429,575.297155876045,476435.814184274
M4_16,4,M,66.2266226622662,77.4477447744775,11.2211221122113,2.65,727.32865434347,103.258561144968,12.9946843746588,2621.95150091929,272.038998060945,11.2106403743586,0.0628173952031235,475.598506239578,19.64,0.0628173952031235,475.598506239578,478865.169778714
M4_20,4,M,72.2772277227723,83.3097595473833,11.032531824611,2.68,758.272451979059,119.606789787738,15.1382025441239,2171.23971688238,282.3031838516,14.1514514603712,0.106554972569243,837.835806485271,19.2972972972973,0.106554972569243,837.835806485271,564155.395263913
M4_27,4,M,75.3575357535754,79.9102132435466,4.55267748997119,3.06,770.740215222435,114.883279958622,15.1842372084207,2472.32146635863,219.317353452034,9.94259481497812,0.0799796345231832,707.447394674612,21.1772151898734,0.0799796345231832,707.447394674612,403306.26440889
M5_01,5,M,83.960396039604,88.019801980198,4.05940594059399,3.92,740.596544039204,104.632196548941,13.0536965471096,2121.45066607133,185.218915092086,9.31254481396465,0.0671345748384809,634.265268954195,18.3142857142857,0.0671345748384809,634.265268954195,342734.503856815
M5_10,5,M,68.0968096809681,76.2376237623762,8.14081408140811,2.39,834.66494731656,133.939368603165,15.282129363297,2170.54719456482,238.770709046174,13.447033491599,0.103122507126275,831.505354163058,19.6578947368421,0.103122507126275,831.505354163058,620345.274235799
M5_11,5,M,67.2029702970297,79.5792079207921,12.3762376237624,3.11,833.569776102034,99.9478495177994,10.7749236283021,2405.82027457972,187.283340771049,8.49845708903977,0.0666551437875807,686.308631659078,18.972602739726,0.0666551437875807,686.308631659078,377569.601867006
M5_12,5,M,83.6633663366337,86.0606060606061,2.3972397239724,3.55,708.905913767547,105.40381826716,13.7264440889957,2355.856953997,173.382359392675,7.76071901416431,0.0532634703292239,579.943129538892,20.1315789473684,0.0532634703292239,579.943129538892,320129.786479548
M5_14,5,M,61.3861386138614,70.1980198019802,8.8118811881188,2.9,779.169718627625,114.776820965117,14.8877200308009,2098.82749804318,241.20137636415,12.4666596607437,0.0943643878606072,633.007505872757,17.1212121212121,0.0943643878606072,633.007505872757,512975.040967291
M5_22,5,M,41.7491749174918,42.7392739273927,0.990099009900902,3.17,635.693737774761,114.983219768752,17.6844606160299,2210.11034870232,221.402515354741,10.8037420005659,0.0951450420338788,656.480180728409,19.0540540540541,0.0951450420338788,656.480180728409,442713.101804871
M5_38,5,M,87.4257425742574,87.2277227722772,-0.198019801980195,2.86,799.786658937543,95.41678342784,12.36901894739,2489.01807445019,232.442573881902,9.62418354230532,0.0584539241272639,791.086508119911,19.7027027027027,0.0584539241272639,791.086508119911,384015.98652235
M5_46,5,M,47.2727272727273,57.6344086021505,10.3616813294232,3.78,724.524893124433,113.369153568921,14.7242936470274,2158.77773819095,249.315312305197,12.6867946681818,0.0806403092607289,610.477141339019,18.9722222222222,0.0806403092607289,610.477141339019,473671.640435482
M6_02,6,M,78.8118811881188,85.7425742574257,6.9306930693069,3.52,769.792336468665,121.80503759441,15.0430778730176,2127.51920284572,204.650354990927,10.2292047972795,0.071356471323262,679.765633211201,19.64,0.071356471323262,679.765633211201,400051.564426637
M6_04,6,M,82.6732673267327,83.5855728429986,0.912305516265903,3.13,805.259954547104,105.297961973963,13.2557163622996,2149.34886598832,206.130940342169,9.92634001028042,0.0783970864050132,664.889146859388,21.225,0.0783970864050132,664.889146859388,380221.72886966
M6_35,6,M,73.2673267326733,81.980198019802,8.71287128712871,3.46,668.175882319593,98.0115512102054,13.3954399408792,2456.06062309635,210.860228969528,9.22589531575674,0.0624281553985162,556.621367901249,18.3142857142857,0.0624281553985162,556.621367901249,357466.779181851
M7_18,7,M,75.940594059406,77.6237623762376,1.6831683168316,3.41,703.874660902554,124.929881109551,16.5490349340759,2333.6782443387,213.278056844052,10.0949871348808,0.0829545276464544,599.119807602318,18.3714285714286,0.0829545276464544,599.119807602318,515185.350571005
M7_24,7,M,87.0049504950495,94.9257425742574,7.9207920792079,3.31,684.49854655854,102.337043592207,15.2779810556845,2396.26726205471,177.013858279645,7.27890670086089,0.0603186999750619,514.124394551901,19.8684210526316,0.0603186999750619,514.124394551901,357521.930646909
M8_05,8,M,81.0891089108911,87.4257425742574,6.3366336633663,3.95,742.362183802312,123.282030087493,14.6466642606574,2114.00121512696,184.920013991236,9.30360183983563,0.0709167513949554,641.481600643592,18.3802816901408,0.0709167513949554,641.481600643592,432137.599382868
